{"cameraMode":{"drawMode":0,"name":"Shaded","section":"Shading Mode"},"sceneLighting":true,"audioPlay":false,"sceneViewState":{"showFog":true,"showMaterialUpdate":false,"showSkybox":true,"showFlares":true,"showImageEffects":true,"showParticleSystems":true},"in2DMode":false,"pivot":{"x":86.11385345458985,"y":6.896332740783691,"z":-57.49845504760742},"rotation":{"x":0.00039258485776372254,"y":-0.9992422461509705,"z":0.03748916834592819,"w":0.010464021936058998},"size":9.562982559204102,"orthographic":false}